{
  "epoch": [
    1,
    2,
    3,
    4,
    5,
    6,
    7,
    8,
    9,
    10,
    11,
    12,
    13,
    14,
    15,
    16,
    17,
    18,
    19,
    20,
    21,
    22,
    23,
    24,
    25,
    26,
    27,
    28,
    29,
    30,
    31,
    32,
    33,
    34,
    35,
    36,
    37,
    38,
    39,
    40,
    41,
    42,
    43,
    44,
    45,
    46,
    47,
    48,
    49,
    50
  ],
  "train_loss": [
    0.18357034368614356,
    0.0029199130457360297,
    0.0019244451238191686,
    0.0013411364598975826,
    0.00031751816611504184,
    7.88802494314344e-05,
    0.0004047903063648846,
    1.8242556577994643e-05,
    8.52902646244426e-06,
    0.0002710823744237132,
    1.688548544771038e-05,
    8.733464038474873e-06,
    2.3016855221188356e-05,
    3.8076160098535184e-05,
    4.579917049613869e-06,
    0.00010146962666500864,
    6.745906896139786e-05,
    3.214705160705004e-06,
    5.8183758619755585e-05,
    1.2687945479107536e-05,
    1.1328612427253878e-06,
    4.390975040223566e-07,
    1.5612090766789303e-05,
    3.0723071931940162e-06,
    9.263367066365996e-05,
    4.2027237449171175e-06,
    6.831567481337212e-07,
    2.724126595164004e-07,
    1.2480804309310164e-07,
    9.2846306388365e-05,
    1.9835758011292153e-07,
    8.3723175903098e-08,
    4.022836975631587e-08,
    0.0002903873083401952,
    1.2106134546532606e-06,
    4.594946460959667e-07,
    2.0810065905910355e-07,
    9.515399460345483e-08,
    0.0001677866838294714,
    4.6735436327101826e-07,
    2.487487048028925e-07,
    1.1991586615067717e-07,
    5.2809254713770314e-05,
    1.4711477684189352e-05,
    6.429111760288227e-06,
    1.7605015545238227e-07,
    1.0937530023511499e-07,
    4.726034110376531e-07,
    3.269569687608017e-05,
    1.2276628493926486e-07
  ],
  "train_i2t": [
    0,
    0,
    0,
    0,
    0,
    0,
    0,
    0,
    0,
    0,
    0,
    0,
    0,
    0,
    0,
    0,
    0,
    0,
    0,
    0,
    0,
    0,
    0,
    0,
    0,
    0,
    0,
    0,
    0,
    0,
    0,
    0,
    0,
    0,
    0,
    0,
    0,
    0,
    0,
    0,
    0,
    0,
    0,
    0,
    0,
    0,
    0,
    0,
    0,
    0
  ],
  "train_i2a": [
    0,
    0,
    0,
    0,
    0,
    0,
    0,
    0,
    0,
    0,
    0,
    0,
    0,
    0,
    0,
    0,
    0,
    0,
    0,
    0,
    0,
    0,
    0,
    0,
    0,
    0,
    0,
    0,
    0,
    0,
    0,
    0,
    0,
    0,
    0,
    0,
    0,
    0,
    0,
    0,
    0,
    0,
    0,
    0,
    0,
    0,
    0,
    0,
    0,
    0
  ],
  "train_t2a": [
    0,
    0,
    0,
    0,
    0,
    0,
    0,
    0,
    0,
    0,
    0,
    0,
    0,
    0,
    0,
    0,
    0,
    0,
    0,
    0,
    0,
    0,
    0,
    0,
    0,
    0,
    0,
    0,
    0,
    0,
    0,
    0,
    0,
    0,
    0,
    0,
    0,
    0,
    0,
    0,
    0,
    0,
    0,
    0,
    0,
    0,
    0,
    0,
    0,
    0
  ],
  "val_i2t_r1": [
    0.0,
    0.0,
    0.0,
    0.0,
    0.0,
    0.0,
    0.0,
    0.0,
    0.0,
    0.0,
    0.0,
    0.0,
    0.0,
    0.0,
    0.0,
    0.0,
    0.0,
    0.0,
    0.0,
    0.0,
    0.0,
    0.0,
    0.0,
    0.0,
    0.0,
    0.0,
    0.0,
    0.0,
    0.0,
    0.0,
    0.0,
    0.0,
    0.0,
    0.0,
    0.0,
    0.0,
    0.0,
    0.0,
    0.0,
    0.0,
    0.0,
    0.0,
    0.0,
    0.0,
    0.0,
    0.0,
    0.0,
    0.0,
    0.0,
    0.0
  ],
  "val_t2i_r1": [
    0.0,
    0.0,
    0.0,
    0.0,
    0.0,
    0.0,
    0.0,
    0.0,
    0.0,
    0.0,
    0.0,
    0.0,
    0.0,
    0.0,
    0.0,
    0.0,
    0.0,
    0.0,
    0.0,
    0.0,
    0.0,
    0.0,
    0.0,
    0.0,
    0.0,
    0.0,
    0.0,
    0.0,
    0.0,
    0.0,
    0.0,
    0.0,
    0.0,
    0.0,
    0.0,
    0.0,
    0.0,
    0.0,
    0.0,
    0.0,
    0.0,
    0.0,
    0.0,
    0.0,
    0.0,
    0.0,
    0.0,
    0.0,
    0.0,
    0.0
  ],
  "val_i2a_r1": [
    0.0,
    0.0,
    0.0,
    0.0,
    0.0,
    0.0,
    0.0,
    0.0,
    0.0,
    0.0,
    0.0,
    0.0,
    0.0,
    0.0,
    0.0,
    0.0,
    0.0,
    0.0,
    0.0,
    0.0,
    0.0,
    0.0,
    0.0,
    0.0,
    0.0,
    0.0,
    0.0,
    0.0,
    0.0,
    0.0,
    0.0,
    0.0,
    0.0,
    0.0,
    0.0,
    0.0,
    0.0,
    0.0,
    0.0,
    0.0,
    0.0,
    0.0,
    0.0,
    0.0,
    0.0,
    0.0,
    0.0,
    0.0,
    0.0,
    0.0
  ],
  "learning_rate": [
    0.0003,
    0.0003,
    0.0003,
    0.0003,
    0.0003,
    0.0003,
    0.0003,
    0.0003,
    0.0003,
    0.0003,
    0.0003,
    0.0003,
    0.0003,
    0.0003,
    0.0003,
    0.0003,
    0.0003,
    0.0003,
    0.0003,
    0.0003,
    0.0003,
    0.0003,
    0.0003,
    0.0003,
    0.0003,
    0.0003,
    0.0003,
    0.0003,
    0.0003,
    0.0003,
    0.0003,
    0.0003,
    0.0003,
    0.0003,
    0.0003,
    0.0003,
    0.0003,
    0.0003,
    0.0003,
    0.0003,
    0.0003,
    0.0003,
    0.0003,
    0.0003,
    0.0003,
    0.0003,
    0.0003,
    0.0003,
    0.0003,
    0.0003
  ]
}